{"cameraMode":{"drawMode":0,"name":"Shaded","section":"Shading Mode"},"sceneLighting":true,"audioPlay":false,"sceneViewState":{"showFog":true,"showMaterialUpdate":false,"showSkybox":true,"showFlares":true,"showImageEffects":true,"showParticleSystems":true},"in2DMode":false,"pivot":{"x":172.50363159179688,"y":209.76327514648438,"z":8.375205993652344},"rotation":{"x":0.05785222724080086,"y":-0.02306264638900757,"z":0.0013374850386753679,"w":0.9980578422546387},"size":253.78900146484376,"orthographic":true}